"category","subcategory","ID","Description","GeneRatio","BgRatio","RichFactor","FoldEnrichment","zScore","pvalue","p.adjust","qvalue","geneID","Count"
"Human Diseases","Infectious disease: bacterial","mmu05150","Staphylococcus aureus infection","26/251","131/11206",0.198473282442748,8.86092272132843,13.6985281798417,8.4964514147853e-18,2.26005607633289e-15,1.27805563858225e-15,"246256/12259/12273/14961/14130/68239/12262/14960/667277/14131/50908/12268/16663/14129/15002/18815/246079/12260/12266/15001/625018/14969/50909/14289/20344/16414",26
"Organismal Systems","Immune system","mmu04610","Complement and coagulation cascades","20/251","95/11206",0.210526315789474,9.39903543719857,12.4437490069578,1.81837724841396e-14,2.41844174039057e-12,1.36762230603767e-12,"58992/12259/12273/12262/12258/667277/14058/11905/50908/12268/16411/232345/22371/18815/12260/12266/625018/50909/16414/18793",20
"Human Diseases","Infectious disease: parasitic","mmu05140","Leishmaniasis","15/251","70/11206",0.214285714285714,9.56687535571998,10.8828703975027,2.84036998153812e-11,2.51846138363047e-09,1.42418314554531e-09,"246256/14961/14960/14131/24088/17969/14129/15002/15170/12266/15001/13058/14969/13057/16414",15
"Human Diseases","Immune disease","mmu05322","Systemic lupus erythematosus","20/251","150/11206",0.133333333333333,5.9527224435591,9.24330332715155,1.28893651120766e-10,8.57142779953095e-09,4.84711938991625e-09,"246256/12259/14961/12262/14960/667277/14131/50908/12268/14129/12524/15002/15081/12260/12266/15001/625018/14969/50909/15077",20
"Human Diseases","Infectious disease: bacterial","mmu05133","Pertussis","14/251","77/11206",0.181818181818182,8.1173487866715,9.48576018092943,1.33225446935275e-09,7.08759377695663e-08,4.00801523708992e-08,"12259/12262/12258/667277/17087/50908/12268/15900/12260/12266/625018/50909/16414/66824",14
"Human Diseases","Infectious disease: bacterial","mmu05152","Tuberculosis","20/251","180/11206",0.111111111111111,4.96060203629925,8.10821143530591,3.41597488216993e-09,1.51441553109533e-07,8.56397913724968e-08,"246256/14961/14130/14960/16985/56619/14131/24088/12370/16411/14129/14127/15002/12266/15001/13040/14969/16149/16414/16154",20
"Cellular Processes","Transport and catabolism","mmu04145","Phagocytosis","26/251","306/11206",0.0849673202614379,3.79340155717001,7.4992431556609,4.85579782747669e-09,1.84520317444114e-07,1.04345743723795e-07,"14963/19354/16819/246256/16410/14961/14130/17105/16398/14960/14131/24088/17969/21354/14129/110557/15002/12266/15001/13058/13040/14969/13057/226421/16414/15018",26
"Organismal Systems","Development and regeneration","mmu04380","Osteoclast differentiation","17/251","132/11206",0.128787878787879,5.74978872389231,8.30893953117559,5.65525640318923e-09,1.88037275406042e-07,1.06334574001489e-07,"14283/12702/83433/246256/14130/16822/14728/14131/17969/18018/20375/14129/668101/16391/22177/13057/18034",17
"Human Diseases","Infectious disease: viral","mmu05168","Herpes simplex virus 1 infection","20/251","215/11206",0.0930232558139535,4.15306216992495,7.06593698805955,7.13216682159407e-08,2.10795152727114e-06,1.19204092478019e-06,"14963/12702/14961/231805/72512/20296/14960/20293/24088/12370/21354/12010/110557/15002/16391/12266/15001/14969/16149/15018",20
"Organismal Systems","Immune system","mmu04612","Antigen processing and presentation","12/251","87/11206",0.137931034482759,6.15798873471631,7.3104439336852,4.90769353083785e-07,1.30544647920287e-05,7.38226476362361e-06,"14963/14961/14960/21354/12010/110557/15002/15001/13040/14969/16149/15018",12
"Environmental Information Processing","Signaling molecules and interaction","mmu04514","Cell adhesion molecule (CAM) interaction","17/251","180/11206",0.0944444444444444,4.21651173085436,6.58489718453965,5.68219619398798e-07,1.37405835236437e-05,7.77026306280751e-06,"14963/58187/58205/16410/14961/14960/74048/20737/110557/12524/15002/15001/14969/20344/16414/14663/15018",17
"Human Diseases","Infectious disease: viral","mmu05169","Epstein-Barr virus infection","19/251","228/11206",0.0833333333333333,3.72045152722444,6.28178983707912,8.4533530090316e-07,1.81288250948817e-05,1.02518018805e-05,"14963/13555/14961/15945/14960/24088/12370/21354/12010/110557/12571/15002/16453/12495/16391/15001/14969/18034/15018",19
"Human Diseases","Immune disease","mmu05310","Asthma","7/251","25/11206",0.28,12.5007171314741,8.71347125067362,8.85995211403994e-07,1.81288250948817e-05,1.02518018805e-05,"14961/14960/20292/14127/15002/15001/14969",7
"Human Diseases","Cardiovascular disease","mmu05416","Viral myocarditis","12/251","93/11206",0.129032258064516,5.76069913892816,6.97803516412687,1.02339273969765e-06,1.94444620542553e-05,1.09957910460179e-05,"14963/19354/14961/14960/12370/110557/12524/15002/15001/14969/16414/15018",12
"Environmental Information Processing","Signal transduction","mmu04630","JAK-STAT signaling pathway","16/251","171/11206",0.0935672514619883,4.17734908319937,6.33743354632575,1.39538202637992e-06,2.47447746011373e-05,1.39931035497777e-05,"246779/12702/12984/12986/14580/16197/12803/16161/50931/18414/12983/16453/15170/16391/11761/16154",16
"Organismal Systems","Immune system","mmu04650","Natural killer cell mediated cytotoxicity","13/251","117/11206",0.111111111111111,4.96060203629925,6.51845310966345,2.04681064192357e-06,3.40282269219793e-05,1.92428708933443e-05,"19354/246256/16822/12506/22324/26904/18018/14127/15170/22177/23900/56743/16414",13
"Environmental Information Processing","Signaling molecules and interaction","mmu04060","Cytokine-cytokine receptor interaction","21/251","294/11206",0.0714285714285714,3.18895845190666,5.7569917246886,2.73186729558791e-06,4.27456882721402e-05,2.41725718637616e-05,"246779/12984/14825/12986/16197/20307/15945/12803/14562/20296/20293/20292/16161/50931/18414/12983/20305/21940/16181/20306/16154",21
"Human Diseases","Immune disease","mmu05323","Rheumatoid arthritis","11/251","87/11206",0.126436781609195,5.64482300682328,6.58313151107344,3.56391221494791e-06,5.2666702732008e-05,2.97828788838705e-05,"14825/14961/20296/14960/20293/24088/12524/15002/15001/14969/16414",11
"Organismal Systems","Immune system","mmu04613","Neutrophil extracellular trap formation","17/251","209/11206",0.0813397129186603,3.63144550982672,5.81255415410774,4.50884571691625e-06,6.31238400368275e-05,3.56963619322817e-05,"19354/246256/12273/14131/24088/17969/11596/14129/22371/15081/12266/13058/13057/15077/14289/20344/16414",17
"Organismal Systems","Immune system","mmu04621","NOD-like receptor signaling pathway","17/251","212/11206",0.080188679245283,3.58005712997068,5.74058282068789,5.4636891640364e-06,7.02864494008284e-05,3.97467982822845e-05,"14469/15951/17951/14825/55932/72512/270151/20296/20293/71914/12370/54396/16391/13058/13057/320795/66824",17
"Human Diseases","Immune disease","mmu05330","Allograft rejection","9/251","59/11206",0.152542372881356,6.81031804983456,6.77303798549772,5.81316498803844e-06,7.02864494008284e-05,3.97467982822845e-05,"14963/14961/14960/110557/12524/15002/15001/14969/15018",9
"Human Diseases","Immune disease","mmu05332","Graft-versus-host disease","9/251","59/11206",0.152542372881356,6.81031804983456,6.77303798549772,5.81316498803844e-06,7.02864494008284e-05,3.97467982822845e-05,"14963/14961/14960/110557/12524/15002/15001/14969/15018",9
"Human Diseases","Infectious disease: viral","mmu05164","Influenza A","15/251","174/11206",0.0862068965517241,3.84874295919769,5.73241155292598,8.2420261386746e-06,9.53208240385845e-05,5.39036698746387e-05,"12702/14961/270151/15945/20296/14960/20293/12370/12571/15002/18815/16391/15001/14969/66824",15
"Human Diseases","Infectious disease: viral","mmu05166","Human T-cell leukemia virus 1 infection","18/251","246/11206",0.0731707317073171,3.26673792634341,5.44126888994101,1.0356635693608e-05,0.000114786045604155,6.49112003685263e-05,"14283/14963/13555/14961/14960/104110/12010/18018/13654/20375/110557/15002/16453/15001/14969/18034/16414/15018",18
"Human Diseases","Endocrine and metabolic disease","mmu04940","Type I diabetes mellitus","9/251","66/11206",0.136363636363636,6.08801159000362,6.27500483092414,1.4938885087665e-05,0.000158949737332755,8.98856493768579e-05,"14963/14961/14960/110557/12524/15002/15001/14969/15018",9
"Human Diseases","Infectious disease: viral","mmu05163","Human cytomegalovirus infection","18/251","255/11206",0.0705882352941176,3.15144129364893,5.26028531824851,1.69046387571753e-05,0.000172947458054178,9.78013228341029e-05,"14963/19354/16410/13555/72512/20296/20293/20683/104110/12370/21354/12010/18018/110557/12571/14701/16154/15018",18
"Human Diseases","Infectious disease: parasitic","mmu05145","Toxoplasmosis","11/251","109/11206",0.100917431192661,4.50550093205161,5.56669136226844,3.16479293508263e-05,0.000311790711382214,0.000176316809530754,"14961/14960/17087/24088/12370/15002/54396/15001/11689/14969/16154",11
"Organismal Systems","Immune system","mmu04640","Hematopoietic cell lineage","10/251","93/11206",0.10752688172043,4.80058261577347,5.57073622237079,4.19819195480219e-05,0.000390208178754322,0.000220661676628423,"14961/12986/16197/16398/14960/12489/14129/15002/15001/14969",10
"Human Diseases","Immune disease","mmu05320","Autoimmune thyroid disease","9/251","75/11206",0.12,5.35745019920319,5.73102856173041,4.25414931724637e-05,0.000390208178754322,0.000220661676628423,"14963/14961/14960/110557/12524/15002/15001/14969/15018",9
"Human Diseases","Infectious disease: bacterial","mmu05134","Legionellosis","8/251","59/11206",0.135593220338983,6.05361604429739,5.89095693877232,4.68108058142229e-05,0.000415055811552776,0.000234712946212412,"17951/14825/24088/12370/12266/18034/16414/66824",8
"Human Diseases","Immune disease","mmu05321","Inflammatory bowel disease","8/251","62/11206",0.129032258064516,5.76069913892816,5.68961172029141,6.73629184841427e-05,0.000578017300541353,0.000326867230371392,"14961/14960/16161/24088/18018/15002/15001/14969",8
"Human Diseases","Infectious disease: viral","mmu05171","Coronavirus disease","20/251","338/11206",0.0591715976331361,2.64174072939013,4.63900358434814,7.2740463259005e-05,0.000592295856882529,0.000334941715617025,"12259/12273/72512/12262/15945/20296/667277/20293/14131/24088/50908/12268/22371/16391/12260/12266/13058/625018/50909/20344",20
"Cellular Processes","Transport and catabolism","mmu04148","Efferocytosis","13/251","163/11206",0.0797546012269939,3.56067753525774,4.98473135721057,7.47894784540944e-05,0.000592295856882529,0.000334941715617025,"233571/12259/18442/16410/243958/12262/18018/11596/668101/15170/12260/11689/226421",13
"Human Diseases","Endocrine and metabolic disease","mmu04936","Alcoholic liver disease","12/251","141/11206",0.0851063829787234,3.79961007035687,5.06370030954878,7.57069892255864e-05,0.000592295856882529,0.000334941715617025,"12259/14825/12273/16842/12262/17087/12268/12370/241113/12260/12266/625018",12
"Organismal Systems","Immune system","mmu04062","Chemokine signaling pathway","14/251","194/11206",0.0721649484536082,3.22183431223559,4.72515471608945,0.000117253014157859,0.000875797059677649,0.000495260884053351,"19354/14825/20307/15945/20296/20293/22324/20292/104110/17969/20305/16453/14701/20306",14
"Organismal Systems","Immune system","mmu04659","Th17 cell differentiation","10/251","105/11206",0.0952380952380952,4.25194460254221,5.06749509663308,0.000118528925369907,0.000875797059677649,0.000495260884053351,"246779/14961/14960/16161/50931/18018/15002/16453/15001/14969",10
"Organismal Systems","Immune system","mmu04625","C-type lectin receptor signaling pathway","10/251","112/11206",0.0892857142857143,3.98619806488332,4.80750938241373,0.000202798804862062,0.00145795897549483,0.000824471883226983,"12051/16985/56619/12370/18018/13654/14127/16391/18034/66824",10
"Environmental Information Processing","Signaling molecules and interaction","mmu04061","Viral protein interaction with cytokine and cytokine receptor","9/251","95/11206",0.0947368421052632,4.22956594673936,4.78482420310481,0.000269875050675355,0.00188912535472748,0.0010682953121746,"14825/20307/15945/20296/20293/20292/20305/20306/16154",9
"Organismal Systems","Immune system","mmu04657","IL-17 signaling pathway","9/251","97/11206",0.0927835051546392,4.14235840144576,4.7047949575256,0.000315767124425463,0.00215369372044034,0.00121790801211188,"14283/16819/14825/15945/20296/20293/20292/12370/20306",9
"Organismal Systems","Immune system","mmu04672","Intestinal immune network for IgA production","6/251","43/11206",0.13953488372093,6.22959325488743,5.20053804032704,0.000361886971332302,0.00240654835935981,0.00136089663102131,"14961/14960/12524/15002/15001/14969",6
"Human Diseases","Cardiovascular disease","mmu05417","Lipid and atherosclerosis","14/251","217/11206",0.0645161290322581,2.88034956946408,4.23375746549133,0.000375675526527042,0.00243730951356569,0.00137829198107205,"14825/20296/20293/22324/17087/24088/17969/12370/18018/11596/13058/13057/20344/66824",14
"Human Diseases","Infectious disease: parasitic","mmu05142","Chagas disease","9/251","103/11206",0.087378640776699,3.90105597029358,4.47704181268436,0.000493676943186547,0.00305871768246585,0.00172969663091267,"14676/12259/12262/20296/20293/24088/12370/12260/12266",9
"Human Diseases","Infectious disease: viral","mmu05167","Kaposi sarcoma-associated herpesvirus infection","14/251","223/11206",0.062780269058296,2.80285137476998,4.11612414936775,0.000494454362203127,0.00305871768246585,0.00172969663091267,"14963/14825/13555/16842/12370/18018/110557/12571/12524/16391/12266/14701/14173/15018",14
"Organismal Systems","Immune system","mmu04658","Th1 and Th2 cell differentiation","8/251","88/11206",0.0909090909090909,4.05867439333575,4.36011404209538,0.000776945912297571,0.00469699119707168,0.00265613590151665,"14961/14960/16161/18018/15002/16453/15001/14969",8
"Human Diseases","Infectious disease: bacterial","mmu05135","Yersinia infection","10/251","136/11206",0.0735294117647059,3.28275134755097,4.05406634623432,0.00095403617340501,0.00563941382501628,0.00318907336540757,"19354/16822/20296/20293/22324/14131/18018/11867/320795/66824",10
"Organismal Systems","Immune system","mmu04666","Fc gamma R-mediated phagosome formation","8/251","94/11206",0.0851063829787234,3.79961007035687,4.12574096891503,0.00119950242265696,0.00693625313971198,0.00392243251336786,"19354/246256/14130/22324/14131/17969/11867/14129",8
"Organismal Systems","Development and regeneration","mmu04382","Cornified envelope formation","13/251","223/11206",0.0582959641255605,2.60264770514355,3.65903535609631,0.00153826675258438,0.00870593523803076,0.00492318298497751,"56460/58187/545975/68239/20753/386463/16678/239673/16663/12821/20195/20200/11686",13
"Organismal Systems","Immune system","mmu04662","B cell receptor signaling pathway","7/251","80/11206",0.0875,3.90647410358566,3.94892171056867,0.00205680546038587,0.0113981302596383,0.00644561203599094,"19354/14130/14728/22324/18018/68713/15170",7
"Environmental Information Processing","Signal transduction","mmu04668","TNF signaling pathway","8/251","118/11206",0.0677966101694915,3.02680802214869,3.35014504138332,0.00498789402386886,0.0270771389867167,0.0153120493429524,"12702/14825/22029/15945/12051/20296/20293/12370",8
"Organismal Systems","Immune system","mmu04611","Platelet activation","8/251","126/11206",0.0634920634920635,2.83462973502814,3.13473202469082,0.00735695103653771,0.0391389795143806,0.0221329877521771,"16822/19224/16398/14131/104110/14127/22371/239134",8
"Organismal Systems","Endocrine system","mmu04923","Regulation of lipolysis in adipocytes","5/251","58/11206",0.0862068965517241,3.84874295919769,3.29234533199003,0.00945182119213826,0.0492977340609564,0.0278777361525313,"11770/19224/104110/11832/16369",5
